stato	percorso	sha256_consegna	sha256_baseline
AGGIUNTO	INTEGRATION-020-MANIFEST.json	ESCLUSO_AUTORIFERIMENTO	
AGGIUNTO	docs/integration-020/CONFRONTO.md	b3ba75a0060a9bc4481abda74d1a5d3d48b9451d40ff6900ee2a3c0c6fac2c46	
AGGIUNTO	docs/integration-020/FILELIST.tsv	ESCLUSO_AUTORIFERIMENTO	
AGGIUNTO	docs/integration-020/INSTALLAZIONE.md	6b3c263f9303380edea737cc7bf822a2a45889256944426d19ca88e8f6e834db	
AGGIUNTO	docs/integration-020/PROMPT_GEMINI.txt	0603a780f16cf816883a8cf566296d9ec6559febbf38d79ba98745f073fd2526	
AGGIUNTO	docs/integration-020/RAPPORTO.md	e3296495ad8adab486aacc2ef12442625b4d814f168f5b171dbb045fdce14d8f	
AGGIUNTO	docs/integration-020/THIRD_PARTY_NOTICES.md	91a6400ee82e84cd8edac479f12dba38d45152826f3a903905a6d3a5ff0b9d01	
AGGIUNTO	docs/integration-020/baseline-suite.log	cf29ef68c5a1c2cec26f27dd1635fc63c07eee79d41e3e0e89f6729291547a89	
AGGIUNTO	docs/integration-020/browser-report.json	dcc960998ce2e280e8a7a1da0de9de5e2eda2288f785e5ef7d95269ab495032e	
AGGIUNTO	docs/integration-020/build.log	068a9ae69504ed6bc96466daf6b1ade9bf817af52e6e4eb034900a34601cfa11	
AGGIUNTO	docs/integration-020/compiler-report.json	15e76ec223eeb5adb0e4698e3b9a0256972b2b76b76845a8556a0b22695f6802	
AGGIUNTO	docs/integration-020/independent-render-report.json	b997a55b2afdabfca029e5473eb71d79aaaae816113bfd926f9897fc29f5aa75	
AGGIUNTO	docs/integration-020/install.log	ecd6dc772338910d9b27d226f3d894bd024c13838f237dbef510dc7ede924beb	
AGGIUNTO	docs/integration-020/json-verification.json	6780cfbb7b2ff4d7b31790ff28c93807b77d90c78d9d667274cc1cc4541084b6	
AGGIUNTO	docs/integration-020/legacy-suite-after-integration.log	79b01429246440f2ccae1868684762bf3b0ee23111c38b52dbda2d53c968e3e2	
AGGIUNTO	docs/integration-020/logs/asset.log	61f0107ef62531b36c828d0bd8004dbb8ac218431ce461ff7c0fde64fab3ab51	
AGGIUNTO	docs/integration-020/logs/browser.log	118770c39ac79dd9887ea1efff02607850f4095246980067276216e0d9c394dd	
AGGIUNTO	docs/integration-020/logs/build.log	7163e9fd25b756ae115322e401b65e34eee7ed6bd7e0ac47d9324e017bff7fe2	
AGGIUNTO	docs/integration-020/logs/compilatore.log	ff4eed085077713b701fdb3e95b13764d6055036d4f0054c30c7cc2d96e23a68	
AGGIUNTO	docs/integration-020/logs/helper-invariati.log	cbba2b4a4ca21b8a8cac8cdf6757bf31791e1c728f23408683b17dbf1f3eaae9	
AGGIUNTO	docs/integration-020/logs/installazione.log	5a2704bba569e5f84268ed5fccbc36a22226878689076a4ca878d7dd5f01a8e8	
AGGIUNTO	docs/integration-020/logs/json.log	65393311150714d4bcf9be43d836b0dc2528332ab621e81b13a826734c785f23	
AGGIUNTO	docs/integration-020/logs/pdf-reali.log	c3dbe86c4cba6990babf0d1dd002daf6a2f7e014c4cedff5713158910c6fd0af	
AGGIUNTO	docs/integration-020/logs/persistenza.log	67f37fc3a152cff0bf0687c492eafe28f37aae39493eb3b82df894e7e2846e1c	
AGGIUNTO	docs/integration-020/logs/raster-indipendente.log	12167cd6388e1ebf5cb3a3afd42398f0d9210600c62f9a8996d6a4c447bbfd00	
AGGIUNTO	docs/integration-020/logs/renderer-node.log	e36da063b2aef63f6d72d60c64f2f15e25986b7b8e3d1602a1155d91a9207458	
AGGIUNTO	docs/integration-020/logs/suite-completa.log	21dff859577120895dec73e053fd95fd69d6008708270ba75da1096883103135	
AGGIUNTO	docs/integration-020/logs/test-mirati.log	ec09a448aab73ac9a4de03dc847a6cc7c38b846930fc3894d61f3d87d0bc3bc2	
AGGIUNTO	docs/integration-020/logs/typecheck.log	6effee927a8e6c533580bcf0b87fbed6e50e55887a33343555315a8f6b6f89ea	
AGGIUNTO	docs/integration-020/persistence-compatibility.json	510e54f3f4e90332d97f2aa8bc935c767435652b7fbd25b8453229578b886641	
AGGIUNTO	docs/integration-020/real-pdf-report.json	edad99680370025e0fcbfe6c9b08c0bf60a8330df41242e694f3b1f943d30256	
AGGIUNTO	docs/integration-020/storico/RAPPORTO-PRECEDENTE.md	ea8646a4ca5ead49a72bf81e1857d9b0ae5905cb8a03af15f3ef1545a3687823	
AGGIUNTO	docs/integration-020/targeted-tests.log	8a36bda45d2349858356ae26585987b379c95b1837bce1d5cf7952018725e1c1	
AGGIUNTO	docs/integration-020/typecheck.log	6effee927a8e6c533580bcf0b87fbed6e50e55887a33343555315a8f6b6f89ea	
AGGIUNTO	public/downloads/PEI_Comune_Roma_Canonico_A4_020.pdf	bfa11c5671b8365967cda8b3efa5b2be335c96ddba0c88fe6629b3f327166d8e	
AGGIUNTO	public/licenses/@playwright_test/LICENSE	45873d00a0dd243596deb4aa23b2493b3d1f0671921bf2538ea431d7380220eb	
AGGIUNTO	public/licenses/@playwright_test/NOTICE	6d602191187b35b9b01d2cffa01c8469c2c8d9de8a96f1bf868e0f264f51c81d	
AGGIUNTO	public/licenses/@tesseract.js-data_eng/LICENSE-APACHE-2.0	c6596eb7be8581c18be736c846fb9173b69eccf6ef94c5135893ec56bd92ba08	
AGGIUNTO	public/licenses/@tesseract.js-data_eng/MODEL_INFO.txt	d7d07305e098775127dda9ca1d6c294a44bf93578fa6fa8ab0bfbeb9ebb40ea7	
AGGIUNTO	public/licenses/@tesseract.js-data_ita/LICENSE-APACHE-2.0	c6596eb7be8581c18be736c846fb9173b69eccf6ef94c5135893ec56bd92ba08	
AGGIUNTO	public/licenses/@tesseract.js-data_ita/MODEL_INFO.txt	1f7ce10762d1104bcbb001270816099367bbfef112ed65a300ae1dc0bce4fd19	
AGGIUNTO	public/licenses/DejaVu-copyright.txt	63d3ba759d12804c5b31a9d5940d855c1820d1f5999e6b0872eb1c7ff045fbc9	
AGGIUNTO	public/licenses/THIRD_PARTY_NOTICES.md	396e58994c56b5b59abc67d7a7f32aa5f1392622c55740a3c07e130a1bc8b6af	
AGGIUNTO	public/licenses/pdfjs-dist/LICENSE	0d542e0c8804e39aa7f37eb00da5a762149dc682d7829451287e11b938e94594	
AGGIUNTO	public/licenses/tesseract.js-core/LICENSE	c6596eb7be8581c18be736c846fb9173b69eccf6ef94c5135893ec56bd92ba08	
AGGIUNTO	public/licenses/tesseract.js/LICENSE.md	b40930bbcf80744c86c46a12bc9da056641d722716c378f5659b9e555ef833e1	
AGGIUNTO	public/licenses/tsx/LICENSE	8dded67841a9261a622c739fb61c81785e93765de852828ceeb9403d20a74581	
AGGIUNTO	public/licenses/typescript/LICENSE.txt	a7d00bfd54525bc694b6e32f64c7ebcf5e6b7ae3657be5cc12767bce74654a47	
AGGIUNTO	public/licenses/typescript/ThirdPartyNoticeText.txt	1af3c68039c57e539422da82a4faada506ce6d0ea6f90e0b699d02dbcdb7a90c	
AGGIUNTO	public/licenses/vite/LICENSE.md	a47172e44a86a7e2cd1c16282341f7726ec60caafe3a6166fe3e0602005b6fa6	
AGGIUNTO	public/vendor/cmaps/78-EUC-H.bcmap	d92a261336dc18b8c03a46eb4d462382d33f4338fa195d303256b2031434c874	
AGGIUNTO	public/vendor/cmaps/78-EUC-V.bcmap	61670bebc4e4827b67230c054fd0d820d6e30c3584d02e386804e62bbedc032a	
AGGIUNTO	public/vendor/cmaps/78-H.bcmap	ece6415b853d61e1b2560165151407d35cf16e6556932b85a13ea75276b77402	
AGGIUNTO	public/vendor/cmaps/78-RKSJ-H.bcmap	696b1f973c97623496703809eaaa5f9b40696c77540057413f4b826a08edfa7b	
AGGIUNTO	public/vendor/cmaps/78-RKSJ-V.bcmap	53cb6d560ab377da48cf65d6dcacb0bdb31f13fab7066c580de38c12a73a7ff9	
AGGIUNTO	public/vendor/cmaps/78-V.bcmap	289000f02fd34872b6975503217f33abae6bee676e7d28f640473a67c8db1712	
AGGIUNTO	public/vendor/cmaps/78ms-RKSJ-H.bcmap	a2442595218f5f8bd8e1b42188e368587d876cfe0cc4cd87196f077c878f72e2	
AGGIUNTO	public/vendor/cmaps/78ms-RKSJ-V.bcmap	f8ddceba96bfd9d3740bd1789ee30d1f47c78371520a8084f71f7df58f19be0b	
AGGIUNTO	public/vendor/cmaps/83pv-RKSJ-H.bcmap	44040051ec818fe09b9703472bea72efd2759d5eeb5ff0d77c718d6bb5e6d1df	
AGGIUNTO	public/vendor/cmaps/90ms-RKSJ-H.bcmap	c13e043e85ff715b75bb03801e8fd0fb8f3a75e4a48496faa6baaf92b5b48ba1	
AGGIUNTO	public/vendor/cmaps/90ms-RKSJ-V.bcmap	499bb916ce1adbe4289b6e5811f4dc20eb238cdc2ffad20cf26ae56716885bab	
AGGIUNTO	public/vendor/cmaps/90msp-RKSJ-H.bcmap	7b8b3b8bbf821702e9a4df9f3596ce292380c8c1b0925dedadbb4e4b2d80498b	
AGGIUNTO	public/vendor/cmaps/90msp-RKSJ-V.bcmap	6296c2b5c07dca8128e96d5296d621a3268803d4fa0e5812a21e52fe2802aacb	
AGGIUNTO	public/vendor/cmaps/90pv-RKSJ-H.bcmap	fb5103f03d3a34547e18d316e52b6d9b26e485c662999222f84d2ba54c2e4fa8	
AGGIUNTO	public/vendor/cmaps/90pv-RKSJ-V.bcmap	7bcb5ad2ba55b9662ce379e16c2d9cc2b82d621a579807353741172e4af615c2	
AGGIUNTO	public/vendor/cmaps/Add-H.bcmap	a2ffab28b990998181bcca9b0e914bb2207820f100ae31d5c469444892e5ad8e	
AGGIUNTO	public/vendor/cmaps/Add-RKSJ-H.bcmap	b29f4b52e2465d0485856d5e69f1ba69927deb2848d8fd328c8035583b35bb7e	
AGGIUNTO	public/vendor/cmaps/Add-RKSJ-V.bcmap	2aa2232c283a3f5d0997c2834a36cead0b79ce2657944cfeed08140c293460ff	
AGGIUNTO	public/vendor/cmaps/Add-V.bcmap	25125d3b1be64e86b2df5b3344170b45a42bcaa0b46e43a34314ef73c166e542	
AGGIUNTO	public/vendor/cmaps/Adobe-CNS1-0.bcmap	8c65be9d51a9f269a547dc12460707aaf4031ab67ebe8a2900f4b4cc6b3e450e	
AGGIUNTO	public/vendor/cmaps/Adobe-CNS1-1.bcmap	73152bc1a59cc594b414ac6068be48e5512b96ae85920c40e32a99269fdb0c04	
AGGIUNTO	public/vendor/cmaps/Adobe-CNS1-2.bcmap	a1b8d353bdef9584c820464e8f1c9e2013d64ebf433cba0aa831dddf515818c2	
AGGIUNTO	public/vendor/cmaps/Adobe-CNS1-3.bcmap	2ffc0c75c79fafde506163d3c08c390d183251009f3fbf6ae50d1167d14b9570	
AGGIUNTO	public/vendor/cmaps/Adobe-CNS1-4.bcmap	98a1f470c878c6b9691a4d7aef776af8ac9b55f5587c9fafa00547f3bf655716	
AGGIUNTO	public/vendor/cmaps/Adobe-CNS1-5.bcmap	ddd6e29955eb8cb545f2ebd09c628c3bbda5023256eda1b728f743c75fb77829	
AGGIUNTO	public/vendor/cmaps/Adobe-CNS1-6.bcmap	317bb2db71e0e5b7b0c47b75de1da915c2e22f65f0c0861507f9ca7ba238f8a2	
AGGIUNTO	public/vendor/cmaps/Adobe-CNS1-UCS2.bcmap	e665837f2197c6bd08cd8955ad4d6932cee2398e2e328b25b00e6bfb3bd72af9	
AGGIUNTO	public/vendor/cmaps/Adobe-GB1-0.bcmap	8b81cce8a11d510e505704953cfa4e4ab080c1a0cab991145a3512ee433946b9	
AGGIUNTO	public/vendor/cmaps/Adobe-GB1-1.bcmap	0426983081788ec7202703e71f1efa4b860f75b936994236010b39d89251a81e	
AGGIUNTO	public/vendor/cmaps/Adobe-GB1-2.bcmap	e67b37a83b160ab3831306a71a605893b24454ee81ac9b6123bf2d3984d268d5	
AGGIUNTO	public/vendor/cmaps/Adobe-GB1-3.bcmap	aa299afc3e12a28726147305f191be28c7498078c8b182ece7886ac79cd99078	
AGGIUNTO	public/vendor/cmaps/Adobe-GB1-4.bcmap	8fbd7d74c2ddb1350c1cecce54a73fde3f5453093d4bed445283ec0033d2097f	
AGGIUNTO	public/vendor/cmaps/Adobe-GB1-5.bcmap	c22cb2fcff24112fa31dab2111bdc51957006576d31aad5a25e67793ac01428c	
AGGIUNTO	public/vendor/cmaps/Adobe-GB1-UCS2.bcmap	20507620260c0c935c35afc1e70e5888aa7125d5ec7ffc03cef1959feb2c1641	
AGGIUNTO	public/vendor/cmaps/Adobe-Japan1-0.bcmap	464f08905236f5703b1f5cf8358767c8b18e6bcc808840d081f1de2c7ab38134	
AGGIUNTO	public/vendor/cmaps/Adobe-Japan1-1.bcmap	4c823848722187d1ffe75ae3f5f9126ccd2d7895a05fad14c919fb119e037008	
AGGIUNTO	public/vendor/cmaps/Adobe-Japan1-2.bcmap	7810fb808e367e70429e90a9478fe6a3fdc3e214f25c7582ce9c2da6a242315c	
AGGIUNTO	public/vendor/cmaps/Adobe-Japan1-3.bcmap	84deb1828711ad3d390c9899c38abce1bf619d65ff7bf1a326ec95acc45f08f8	
AGGIUNTO	public/vendor/cmaps/Adobe-Japan1-4.bcmap	3f8a4f974919c2b8bae5d10175ffa2673be140481e00840542c85d48ef184067	
AGGIUNTO	public/vendor/cmaps/Adobe-Japan1-5.bcmap	1d3ce4ff28d977f8cf37a912ae4ec811f4175c3167b1ec0b2567feec3e79e1db	
AGGIUNTO	public/vendor/cmaps/Adobe-Japan1-6.bcmap	5609797b9401b30be72ef9645da62a87829f058c3be4b5c623383119f584b1d9	
AGGIUNTO	public/vendor/cmaps/Adobe-Japan1-UCS2.bcmap	66c5d0dc4964f4093e77b194023f3a0f689324028ec8330e1e1d0570bcba7c2f	
AGGIUNTO	public/vendor/cmaps/Adobe-Korea1-0.bcmap	dfb8c3874f0e5a8c3acf597d2c12d2b63e90bc5e4f0fce990ec4c56077d80b32	
AGGIUNTO	public/vendor/cmaps/Adobe-Korea1-1.bcmap	62f277b7b1c441c007797ae707d5c37258d029ce4661a2b911e2e1ee35e6adc1	
AGGIUNTO	public/vendor/cmaps/Adobe-Korea1-2.bcmap	1d77068af462f96d7ad28ad7e7d43eef6423c685b479d7dc25ff5df38db0380d	
AGGIUNTO	public/vendor/cmaps/Adobe-Korea1-UCS2.bcmap	857b723088be97255053562bfa41bd1075a7f7910d3bab59a0645c8bbc7060ff	
AGGIUNTO	public/vendor/cmaps/B5-H.bcmap	718ad0ffbef4c34f8f3f31292c462e519cd567a5511fc8b346c60010d64f4ef9	
AGGIUNTO	public/vendor/cmaps/B5-V.bcmap	b5c37383517477620ced927b6b4ffd4f4cc6230d8051b5b46a21d6768e07f7d8	
AGGIUNTO	public/vendor/cmaps/B5pc-H.bcmap	bab6028aead1d6149400e904ab10cfd319082d826473ed4c582c8eeed920f17e	
AGGIUNTO	public/vendor/cmaps/B5pc-V.bcmap	41543142b9767f3b76133899fc8453282b01ad3c653acaeea42d78c5a7d08c63	
AGGIUNTO	public/vendor/cmaps/CNS-EUC-H.bcmap	e8f89cd61e6486b948205da46499d659ed0aed949b7095fd3c8e95ffe2b0e7a9	
AGGIUNTO	public/vendor/cmaps/CNS-EUC-V.bcmap	cae422bec2ac6dbe86bf921cec942bacd2d0b733ffcca5f91b3ba14e917025a0	
AGGIUNTO	public/vendor/cmaps/CNS1-H.bcmap	e8487971ab20cd16f3de3e8ac56ec994b72b658ad113f2818239dfd5108f501a	
AGGIUNTO	public/vendor/cmaps/CNS1-V.bcmap	42df8076aaa7574505e7304af83a3323ec032c4177d64b1309db8c043d594a8a	
AGGIUNTO	public/vendor/cmaps/CNS2-H.bcmap	bc6024d274d440f0625c69e25f37036ef6cb6689432ceaa160d3432a2a716ca7	
AGGIUNTO	public/vendor/cmaps/CNS2-V.bcmap	2e4f70a8afd23a121030fc2e5b5f3816e903b11e7ba8b8c09654b31c80399c38	
AGGIUNTO	public/vendor/cmaps/ETHK-B5-H.bcmap	d2f10fa519336bc4efcc7b6deb9604b75429946b40d82e311cb3a97a1994c89a	
AGGIUNTO	public/vendor/cmaps/ETHK-B5-V.bcmap	1fea3fd0d9f0f679f80505800851ef2e4131d81127e18c006938ffa2f4c8b247	
AGGIUNTO	public/vendor/cmaps/ETen-B5-H.bcmap	87ee6b3f5bfda5fe26fa35431264c7d73070d10dbbf398a75185d63ae322c18d	
AGGIUNTO	public/vendor/cmaps/ETen-B5-V.bcmap	47dc0d2c21e3bde317947aec1675ceabc1d5460a60bf9c24334b8c407a17172c	
AGGIUNTO	public/vendor/cmaps/ETenms-B5-H.bcmap	d5f5a73da4173b7da9a3a20e16f26f9cd5d12deb1553409919e0cec6fd37fdee	
AGGIUNTO	public/vendor/cmaps/ETenms-B5-V.bcmap	18252fca90f472f479af1bddd60d6ab51c8e1b55dcf6845951426504934543e0	
AGGIUNTO	public/vendor/cmaps/EUC-H.bcmap	f9939cd57fccdc65c5d9f4c205fd497ebdbd283643308da5663801a8c1d9c595	
AGGIUNTO	public/vendor/cmaps/EUC-V.bcmap	1283a50a706507c4436da83ede9ad7a4440be25378f2e96f6c81a430081426a3	
AGGIUNTO	public/vendor/cmaps/Ext-H.bcmap	4000ed4e61a1c668ef453bbd0603cfa383defa793abd46a57ed870d7f527350b	
AGGIUNTO	public/vendor/cmaps/Ext-RKSJ-H.bcmap	e0d2f0df337660e73813238dd4a725f11f0621b90f3273857db253d0e7694caa	
AGGIUNTO	public/vendor/cmaps/Ext-RKSJ-V.bcmap	f617a22b6d67febb187990952006c91a9f5a4db21155d268c656252d0c21985d	
AGGIUNTO	public/vendor/cmaps/Ext-V.bcmap	c2087fb845a9e3acea0c2922cd40e6af67e11957bec74dcd597f1285edd490ce	
AGGIUNTO	public/vendor/cmaps/GB-EUC-H.bcmap	928bad06fd84a48f5ba7150d7716609119fb660f2aaa73eccad81ddab9b9d203	
AGGIUNTO	public/vendor/cmaps/GB-EUC-V.bcmap	a9ad88ac2479da529b16dc48abc5952332e27bc355335f91df5729a587533324	
AGGIUNTO	public/vendor/cmaps/GB-H.bcmap	1018c777a8910b5bb46d7d54a4aee9d51ca5cff8addb2b41c969d9101cb3fd1c	
AGGIUNTO	public/vendor/cmaps/GB-V.bcmap	0b96789143c0bbf9f1641ae7165b3456dccd14dabffcbb0bd654d5bf6f94f863	
AGGIUNTO	public/vendor/cmaps/GBK-EUC-H.bcmap	2103fed28650ede096a2281104a1a8a4304dae0db414342c636867522307123b	
AGGIUNTO	public/vendor/cmaps/GBK-EUC-V.bcmap	a7fd35dd14d9dbdb955f34e6c0630618b6620dfd09d4283b2f65a65ce77fcaea	
AGGIUNTO	public/vendor/cmaps/GBK2K-H.bcmap	3d919ae72af16c5cc6846ec87a4326a9f125e493c59d3628429d35c2c95fe8c4	
AGGIUNTO	public/vendor/cmaps/GBK2K-V.bcmap	b927fdfd595c07ce9158bf2ec13f4641b2e83b01c70989dadfabd6ed7c6ac2dc	
AGGIUNTO	public/vendor/cmaps/GBKp-EUC-H.bcmap	d15ebd8e81fb4fe8a244f1b1e877922e03500ac69eddf5001093e502430451d2	
AGGIUNTO	public/vendor/cmaps/GBKp-EUC-V.bcmap	fdc736d46e642625dccc8ad8c59f2c69fc7db7a13f2e799c6c6b779e707bb97a	
AGGIUNTO	public/vendor/cmaps/GBT-EUC-H.bcmap	dc5f44e48a39f3367ae28665027d8ab1d8cedb5a9dcc5068a900acd6709f60f9	
AGGIUNTO	public/vendor/cmaps/GBT-EUC-V.bcmap	a1ad24e63653b8aa388c18fa5e498f007564e43dde699a9f91ccb4645c999be8	
AGGIUNTO	public/vendor/cmaps/GBT-H.bcmap	8afda745a505763f3ff54c8126eeb48ef376ea9ed07d9f42ff9a22c5c547ec57	
AGGIUNTO	public/vendor/cmaps/GBT-V.bcmap	cdc2ec5c3c7c7033290c9a8894878202f08674eb9b1ae7d36218430326768771	
AGGIUNTO	public/vendor/cmaps/GBTpc-EUC-H.bcmap	7b23e2f7bfdb6c918f567b7324bf858f398bd8cd5f268d74ece19a3c91bf4f32	
AGGIUNTO	public/vendor/cmaps/GBTpc-EUC-V.bcmap	d7a1b13ead9ab511cf2cd01de6ce8b02aa8e8767e84895337d7a3b67f039f93b	
AGGIUNTO	public/vendor/cmaps/GBpc-EUC-H.bcmap	3c4a4eb82f05abe51f6650985c630e180438bfdd491318f5d20d2ec29236e1c3	
AGGIUNTO	public/vendor/cmaps/GBpc-EUC-V.bcmap	215bdfa2842705624b4cf4cd29b8e3c720f1e192365e0305c11030a424c84d7c	
AGGIUNTO	public/vendor/cmaps/H.bcmap	a0233e21047ec00b852125b243cbcf30abee511155b6d8159c24f944384bc9ee	
AGGIUNTO	public/vendor/cmaps/HKdla-B5-H.bcmap	5242bce18fb13ab4cc59b146a03eba36e4ce42667eeff09e10981a9d2aa4996b	
AGGIUNTO	public/vendor/cmaps/HKdla-B5-V.bcmap	2e0537f786c0791d41a925f72bad2d4e7268aa6cbf15a1400a722672cec38e2c	
AGGIUNTO	public/vendor/cmaps/HKdlb-B5-H.bcmap	fdc8159984bf5dbe475c0d5dfcb621ecee4dea07c38c668bd77f4c679e23b9b3	
AGGIUNTO	public/vendor/cmaps/HKdlb-B5-V.bcmap	b249eb9dcb915ab45057c5d4d7aa55ef88d0efbb092af6bae0b2d4705d139abf	
AGGIUNTO	public/vendor/cmaps/HKgccs-B5-H.bcmap	ab64c7fc5e9b2e97750cc4f269b0da14fd8649e49151b7598c8df86599bac591	
AGGIUNTO	public/vendor/cmaps/HKgccs-B5-V.bcmap	02ebdf7cdffb5395fb21091cd58a013a18ae5388922822f9dc6292ef16b98956	
AGGIUNTO	public/vendor/cmaps/HKm314-B5-H.bcmap	bfd8bbde6b36a9da4c1c902c74121a30d9807a7079a00eeea218be6adc223cef	
AGGIUNTO	public/vendor/cmaps/HKm314-B5-V.bcmap	2a64a815cfb6fdd480674a868762e3d161fda17543b20c9209978559f0667164	
AGGIUNTO	public/vendor/cmaps/HKm471-B5-H.bcmap	49d7c037758826b5b6c0fa329c35bbf25d3943197754e72ecd30c6fb04d745e6	
AGGIUNTO	public/vendor/cmaps/HKm471-B5-V.bcmap	be24c109e78aa4fe3c1f27d30aab3ed0741e783fa1b6b6c2719741072b54b132	
AGGIUNTO	public/vendor/cmaps/HKscs-B5-H.bcmap	08599378f41d96b40537adef6e6edcc4a787bc63f5accf47c026df4905a13914	
AGGIUNTO	public/vendor/cmaps/HKscs-B5-V.bcmap	d073542b7dad1c4cbf01c1af5f0cd13218d1281a491956e310c55702fc8705c4	
AGGIUNTO	public/vendor/cmaps/Hankaku.bcmap	b454701f7aecd7856769016dfd04ca64280a060f2c67a2466d50b4395d24974e	
AGGIUNTO	public/vendor/cmaps/Hiragana.bcmap	2ed669394756dd9458651cd9995ab29ab691ecb7686659003306cdf22767a414	
AGGIUNTO	public/vendor/cmaps/KSC-EUC-H.bcmap	6784e16dbc5861c036c23d3e55f0d4ba0975a3e464da0ee8e49bcfff0be070c4	
AGGIUNTO	public/vendor/cmaps/KSC-EUC-V.bcmap	fdb36bad85e9924823d49db374067988e024cf80fc894711f2c9178951cbbe95	
AGGIUNTO	public/vendor/cmaps/KSC-H.bcmap	c1f6d61f1d3304fd539a65ae72624fa567ecc3853bf52e283958a7a2515b3eee	
AGGIUNTO	public/vendor/cmaps/KSC-Johab-H.bcmap	939993d213f68db763bf156217c217ae23af082b91a0eacecf3d11eb4ff8ef8c	
AGGIUNTO	public/vendor/cmaps/KSC-Johab-V.bcmap	5d61967aac0e666def721e8b8d0fed8f95a879a14f2e76ce516c3d11c621e519	
AGGIUNTO	public/vendor/cmaps/KSC-V.bcmap	d7da5afd9f1fe74816d79c9325f0139a4efb6438664ebfdf9a7aa92f3034360f	
AGGIUNTO	public/vendor/cmaps/KSCms-UHC-H.bcmap	5b70d8f6a4fa9e2283dc649f0ff95d906d56efbee50a20e8d2faec3a8fed078e	
AGGIUNTO	public/vendor/cmaps/KSCms-UHC-HW-H.bcmap	a5e6ba22aceb02fdedee11bfb9ed138463d89e85b87810b9f075b469d936f8ec	
AGGIUNTO	public/vendor/cmaps/KSCms-UHC-HW-V.bcmap	890332a6a26880d463a12f2a6ff048bf9cf7e45077cfb1ca8815b89baa7bf411	
AGGIUNTO	public/vendor/cmaps/KSCms-UHC-V.bcmap	1631b531c9a40c8cbe24c2317dba107362e49fa6e18af620414d627c111d570c	
AGGIUNTO	public/vendor/cmaps/KSCpc-EUC-H.bcmap	709480682c55cedbb0124b9960d78e28febeee0df2e34607d61aac6601647ec7	
AGGIUNTO	public/vendor/cmaps/KSCpc-EUC-V.bcmap	031707887d6fc2378a36cdb6775334fd7a236c3f95048d8436abf43fe26fc49d	
AGGIUNTO	public/vendor/cmaps/Katakana.bcmap	3b6ca6642fbf8822da00d5e58a8aa275216d5c32dbf2bd73e934197fc9fc5c53	
AGGIUNTO	public/vendor/cmaps/LICENSE	aa92ab5a472974865a96fd4a4e9c13bb41bf6fe1b309cb6b8da48bc9e19839a2	
AGGIUNTO	public/vendor/cmaps/NWP-H.bcmap	286c6c9e335da330928a01edc3c97a3a623f1f7f3c42762b0a7dc2f651b1a78f	
AGGIUNTO	public/vendor/cmaps/NWP-V.bcmap	3a75fb7b59adfb172710758c425d8ac6c93fd5360a64dd4afd5dd04e60ab4b4d	
AGGIUNTO	public/vendor/cmaps/RKSJ-H.bcmap	a70de61a22a898f693f02cc011c3e3cff2e10aaa7cddb4661e456a21ae859f78	
AGGIUNTO	public/vendor/cmaps/RKSJ-V.bcmap	68c1a64506471a524ea5cfc3b3a9f8f70031989a6bd95427b1351f33ccf50b06	
AGGIUNTO	public/vendor/cmaps/Roman.bcmap	1c6b3ef9d9e5cb1aa329142ce9414b90f9b6d7f9182a2a9e927378dab8f0d43f	
AGGIUNTO	public/vendor/cmaps/UniCNS-UCS2-H.bcmap	779428116752f34e2490a1941d24e4634c71e3c22d053b811d2090ae2fb3c704	
AGGIUNTO	public/vendor/cmaps/UniCNS-UCS2-V.bcmap	1e5cc184b850ea44abc2df8ae5674279df668e8edf5e2a1a2ea2bd77adbd280f	
AGGIUNTO	public/vendor/cmaps/UniCNS-UTF16-H.bcmap	32ff139b3c7b91d6ad25f994701f3ce7b242906022c418fd73e6493fc228bfe5	
AGGIUNTO	public/vendor/cmaps/UniCNS-UTF16-V.bcmap	278eb1e68d1a236c60ef59472cf0176ee0d45f364285e76ca12419a08d46fb9a	
AGGIUNTO	public/vendor/cmaps/UniCNS-UTF32-H.bcmap	bf26eb67fe19ee5ba915799e80ca72408400aa8342fdf6a244a4f44de8f97336	
AGGIUNTO	public/vendor/cmaps/UniCNS-UTF32-V.bcmap	f7da3caf83ceb1cb37936fa10700d9ba6e9c3f72c5bc9724e3ac79bff0c0179e	
AGGIUNTO	public/vendor/cmaps/UniCNS-UTF8-H.bcmap	2f2a742bcd1a84a148a4a518b9eed51a8f9c6ca5ed3bc5e2e41fff97de5dc2d8	
AGGIUNTO	public/vendor/cmaps/UniCNS-UTF8-V.bcmap	b7c3f10780a8c62dd1c8ff6c30dc1e4e23b6cdc87c3a96fcd514cc98ffd3af9d	
AGGIUNTO	public/vendor/cmaps/UniGB-UCS2-H.bcmap	9201569b402e81ad8860650bd86350c4fa28e5dd5971f05fcacaf40f51de18ed	
AGGIUNTO	public/vendor/cmaps/UniGB-UCS2-V.bcmap	f10282335e4d64203bc2a653a3a47d745ec76c8ae04549f4d50180c1899be216	
AGGIUNTO	public/vendor/cmaps/UniGB-UTF16-H.bcmap	386fd39581245c034da016a92d23f3df1117d169f996100050b264fc09a84e35	
AGGIUNTO	public/vendor/cmaps/UniGB-UTF16-V.bcmap	0473cfbba612b92dd9918f0ff8aee9112897c48e0ffdc0eb82da3144ed8ea84a	
AGGIUNTO	public/vendor/cmaps/UniGB-UTF32-H.bcmap	f48a145dc4e3ed1dca1dde7111716a72306a2a4191ab05c6bae3a5c3a961cd2f	
AGGIUNTO	public/vendor/cmaps/UniGB-UTF32-V.bcmap	106acc49b7118bdef944e32107b4f348238f3929a0a15d3b7aab7b9101535993	
AGGIUNTO	public/vendor/cmaps/UniGB-UTF8-H.bcmap	f217b439c80ee5fa1bc2cf6d1defcc319f8d84483d166a00ee199e05a68588df	
AGGIUNTO	public/vendor/cmaps/UniGB-UTF8-V.bcmap	a64df947632878eacc532fa193c735c92a383b7d66e6f8374ac193af7c64fc63	
AGGIUNTO	public/vendor/cmaps/UniJIS-UCS2-H.bcmap	ad2352f40870880fbf7f8ee5abadff743fbd025fbf9830b8ada472d1c5e4da0b	
AGGIUNTO	public/vendor/cmaps/UniJIS-UCS2-HW-H.bcmap	16e87edca954177c0881c874859d6783220925d821b5cdfb8755b61ebd93f9ce	
AGGIUNTO	public/vendor/cmaps/UniJIS-UCS2-HW-V.bcmap	1973457e2c0192819947e56068625b34fb9a72ecc8a476ce6d7eaae5f73e2e5c	
AGGIUNTO	public/vendor/cmaps/UniJIS-UCS2-V.bcmap	42a133d8e2ce9dd6d2288018e01592d2bf2435b326d39b94ea0b6e6a44ac33d3	
AGGIUNTO	public/vendor/cmaps/UniJIS-UTF16-H.bcmap	f6a89c5688978548c83fcee990e205bc63c74274d5c69b49032a3bd4c49a05ee	
AGGIUNTO	public/vendor/cmaps/UniJIS-UTF16-V.bcmap	c67126fc7c73850855186bb0d6482ac0a365057e0b58778c4ab9f234683fef53	
AGGIUNTO	public/vendor/cmaps/UniJIS-UTF32-H.bcmap	96195950ce0fe24443d8eb426fa6b88534ec421d7bef9046f0b2362809cfba73	
AGGIUNTO	public/vendor/cmaps/UniJIS-UTF32-V.bcmap	ed4dafda402bdd19c4d5d8bf2ab41473c0f86f384552b4c7b963d6627daedeb1	
AGGIUNTO	public/vendor/cmaps/UniJIS-UTF8-H.bcmap	798fb0bf06ab0788d1f6a91c2db7de581612eef03c628f10e8f7ecd8f70ab448	
AGGIUNTO	public/vendor/cmaps/UniJIS-UTF8-V.bcmap	1021611424f913b2df0bfdbe94bd327c04e224ec89d8e821c6501ea3d21f4265	
AGGIUNTO	public/vendor/cmaps/UniJIS2004-UTF16-H.bcmap	710a32d7cb43fd6bd9dbf30da5971f8c941590f74441e208d852c2be0e74cc97	
AGGIUNTO	public/vendor/cmaps/UniJIS2004-UTF16-V.bcmap	3b149aff5c5707b57fb3215d1775852c8b1f413ec0f679ea628f25cf87fe098d	
AGGIUNTO	public/vendor/cmaps/UniJIS2004-UTF32-H.bcmap	8d2658e18741af7937d586a57c89729a6fec0d86121197c1f8518aa58b29cdfb	
AGGIUNTO	public/vendor/cmaps/UniJIS2004-UTF32-V.bcmap	6dd475782f2897648a683c48b2fa015a15b8f06856760bddc8a17a63f418bacb	
AGGIUNTO	public/vendor/cmaps/UniJIS2004-UTF8-H.bcmap	691c614ce432b3e62486efb54e5c84c6da5afe9b51b21253bde4758feb484183	
AGGIUNTO	public/vendor/cmaps/UniJIS2004-UTF8-V.bcmap	40a8c7ea2d46711c5f78fc9a878a7db68b1543ba5cd60ecf14f519a2deb829b7	
AGGIUNTO	public/vendor/cmaps/UniJISPro-UCS2-HW-V.bcmap	6826f94d789d7bf1960668c1c5819c34c9585c1b23152fbc19ee81c7df08524b	
AGGIUNTO	public/vendor/cmaps/UniJISPro-UCS2-V.bcmap	493de9fd1a08f7946065d8ab58f0c3c9fe489f5a0f109f2d05a3169b4bd5789f	
AGGIUNTO	public/vendor/cmaps/UniJISPro-UTF8-V.bcmap	6181d382cf736c5e09492e8be9f26f31fa25b7462253f23ab16646af432cad81	
AGGIUNTO	public/vendor/cmaps/UniJISX0213-UTF32-H.bcmap	692044e1fb33445668632bc9fe7386805c624864be1ddeb29d65bb0c99fc630c	
AGGIUNTO	public/vendor/cmaps/UniJISX0213-UTF32-V.bcmap	dd54e16ca7bffb3a886242549b2bf7d78a277087f7c60d2636f118c21a5b0646	
AGGIUNTO	public/vendor/cmaps/UniJISX02132004-UTF32-H.bcmap	f80ea5a989be30ccda5a8804baef6d3b4b044d2b339bf8b31c671b2466171cf6	
AGGIUNTO	public/vendor/cmaps/UniJISX02132004-UTF32-V.bcmap	94c22bd99e771c5fbe0dd8dc39850570d4db0075074aca13e272813edd7cc57f	
AGGIUNTO	public/vendor/cmaps/UniKS-UCS2-H.bcmap	a1081396ab4adb6f4a5b6c15f896963c244c1c9bcb65ce5616d06096a1b9811c	
AGGIUNTO	public/vendor/cmaps/UniKS-UCS2-V.bcmap	6cab547431958fbdc1d401d06ebd4dd61a73f5509a10f974df32bcbca11a2e43	
AGGIUNTO	public/vendor/cmaps/UniKS-UTF16-H.bcmap	42d35b396286499dfae1737a07adb3a64500df37b426580bfb1d3ea872938519	
AGGIUNTO	public/vendor/cmaps/UniKS-UTF16-V.bcmap	5bdb7390c80dcc136cb47d41dc7460082560969c17322ee739fe3020fb642410	
AGGIUNTO	public/vendor/cmaps/UniKS-UTF32-H.bcmap	3a01ec51ed1b828101351e337ffb8250abe11880032e5210f881170fed2588de	
AGGIUNTO	public/vendor/cmaps/UniKS-UTF32-V.bcmap	dfda895eceaed081af030dbbb962b49629eea817fc3c02bae15db93d0c68acd7	
AGGIUNTO	public/vendor/cmaps/UniKS-UTF8-H.bcmap	3fac9c65145f72d7d42157a3b9c5ed6904632184e6a0888f2b828699afd2002f	
AGGIUNTO	public/vendor/cmaps/UniKS-UTF8-V.bcmap	9ecc6cf30dd354b9778ddba163b6cc7302b087ce9f39d1ba73472d2b75ed13ca	
AGGIUNTO	public/vendor/cmaps/V.bcmap	b9ad1c0c09ff14bca52f9a28a9767eb857ad0e8946e64ba14c7387a7eb69866a	
AGGIUNTO	public/vendor/cmaps/WP-Symbol.bcmap	543923bead225732aba30976690ee89095a19628277b5863efecc2c728d5d7bf	
AGGIUNTO	public/vendor/core/tesseract-core-lstm.js	6510efc4e8b45c5465df30679b9911ffe0071cd2ee982fa064e6f5136ef2de85	
AGGIUNTO	public/vendor/core/tesseract-core-lstm.wasm	66b17df6e20c5329a17ffa9c202a47eaa3e32500b253d4c7f38e7f2bc01457c3	
AGGIUNTO	public/vendor/core/tesseract-core-lstm.wasm.js	eef5f8b2f8e20e150680b20adaec4a60babafee3adbe8a94583c81fee46e8680	
AGGIUNTO	public/vendor/core/tesseract-core-relaxedsimd-lstm.js	a37ac78b707e8d5d3d2e532cc3c4e69b04d127ea44a608f1e7de17640402aa5c	
AGGIUNTO	public/vendor/core/tesseract-core-relaxedsimd-lstm.wasm	7985c92d4c64e7267d24cadffe1b2a1da6bf8aa55fdcaf953fe94fe122a24545	
AGGIUNTO	public/vendor/core/tesseract-core-relaxedsimd-lstm.wasm.js	861a536cf9ef8e63cb644d57bab39c388f37f7d6b6f60024b741c5f6b39a59b3	
AGGIUNTO	public/vendor/core/tesseract-core-relaxedsimd.js	716be037611f21b568347421f582f1e1a6456b6d5c3a7c2406c8a2a6c0136427	
AGGIUNTO	public/vendor/core/tesseract-core-relaxedsimd.wasm	45f8c9b516df326b6ae6b493ed3a6289df5cbd10490e7b6ff8bf5b12ea42d1da	
AGGIUNTO	public/vendor/core/tesseract-core-relaxedsimd.wasm.js	843074aa5bad1cc6421b74a86201768ced9f244795e4d81435435a61a40ce535	
AGGIUNTO	public/vendor/core/tesseract-core-simd-lstm.js	e48e2f02ddae3716c8dd24bf41cd290d4efa96892d689cdc4013c2545d63f469	
AGGIUNTO	public/vendor/core/tesseract-core-simd-lstm.wasm	34e8d50cac216427d86bf397d610fdd9f49492539bbcdfbfccc4eda20c810bea	
AGGIUNTO	public/vendor/core/tesseract-core-simd-lstm.wasm.js	c58b46a4c796c0b8afccf77591d5b875b6896b45d402bbce8caa6f5362447b38	
AGGIUNTO	public/vendor/core/tesseract-core-simd.js	da428fd7989ba749855ea16718a83b23e7ce04016fe31866ad2735813efc7133	
AGGIUNTO	public/vendor/core/tesseract-core-simd.wasm	7d237a13edfeb0fa2f104744fccde0a00e0c076c3e23b7a8fc7af75ec9af2c3e	
AGGIUNTO	public/vendor/core/tesseract-core-simd.wasm.js	6b61ef4e911b5cf57e656bbfe983d6e2b3711a02dd164154ddda064566e8e09d	
AGGIUNTO	public/vendor/core/tesseract-core.js	a824c1b99a19e122d87e4467fe16aabb56c495d6cc9a08bc58cb8a7342636b43	
AGGIUNTO	public/vendor/core/tesseract-core.wasm	c7f5ace62ac0ad065e71e9c6725f1d7cdf82e7eda8fba532cbb9563964da7098	
AGGIUNTO	public/vendor/core/tesseract-core.wasm.js	0bc6ce3e5fbbd0cd89706cf2fd70960e3372f4f01ee24265b26990808aaeb286	
AGGIUNTO	public/vendor/fonts/DejaVuSans.ttf	ae7b7855e115a5966d8b1b3f80f254ccc117ec86f9965e202ee2940453837280	
AGGIUNTO	public/vendor/fonts/LICENSE.txt	63d3ba759d12804c5b31a9d5940d855c1820d1f5999e6b0872eb1c7ff045fbc9	
AGGIUNTO	public/vendor/lang/eng.traineddata.gz	45b4cb346724ac1774f1c36f42f182b887bcdb28ebe63e6fff90ac41f3fcff91	
AGGIUNTO	public/vendor/lang/ita.traineddata.gz	f702fcfad297ce028ede3626d1467b67939f23ff23595f9badd54681cf25a4d3	
AGGIUNTO	public/vendor/standard_fonts/FoxitDingbats.pfb	845c752392b6c914fb989c75a08b7792b88f542d2499042ef2889f8c814a16ed	
AGGIUNTO	public/vendor/standard_fonts/FoxitFixed.pfb	b6c8fe53f134b8b6d4578cd2d544df4cee9624c4efa8d51a560fb40ea296101b	
AGGIUNTO	public/vendor/standard_fonts/FoxitFixedBold.pfb	f1b7159702973f54fc86254ea38bcf3712b2a736eb3a0995751e9f4bb45ad603	
AGGIUNTO	public/vendor/standard_fonts/FoxitFixedBoldItalic.pfb	8a000945843bd31add06aee63bf9fd41b7578b4f3242a4b7cd46349ad9d24d4d	
AGGIUNTO	public/vendor/standard_fonts/FoxitFixedItalic.pfb	5007faf8320fa1fcc08b8894b356ad976f60b992ba29ee5272578bbdebaf3876	
AGGIUNTO	public/vendor/standard_fonts/FoxitSerif.pfb	4f57d2b9d884af8f907bf22df6019b52d86cbf6214fdbd02b1ae05472a543f35	
AGGIUNTO	public/vendor/standard_fonts/FoxitSerifBold.pfb	0bdf4b04e964139818d51eda03d566ba999fc3ba2421b1c6c51f9dc969022e80	
AGGIUNTO	public/vendor/standard_fonts/FoxitSerifBoldItalic.pfb	a406cac82583bf98175cb62c87ed5e95c45fbb34eece63a10b0a13e793cb2e10	
AGGIUNTO	public/vendor/standard_fonts/FoxitSerifItalic.pfb	610ae0687198045c4db5d1a6650fd5e92536631706382eb8b72e38df578d0ae9	
AGGIUNTO	public/vendor/standard_fonts/FoxitSymbol.pfb	47967d055530e7357088a08403115425643ec2cdfd6201ba8af0fbd7116c1539	
AGGIUNTO	public/vendor/standard_fonts/LICENSE_FOXIT	b578cdd2345840ada550bd12519533812320d5f1d21cf4c1c7e1b1b0a31c98b7	
AGGIUNTO	public/vendor/standard_fonts/LICENSE_LIBERATION	93fed46019c38bbe566b479d22148e2e8a1e85ada614accb0211c37b2c61c19b	
AGGIUNTO	public/vendor/standard_fonts/LiberationSans-Bold.ttf	361c61b82d575c5c35fd9157fda8b0194bcfcd0d88ea8521a4fb5dd53d33dddc	
AGGIUNTO	public/vendor/standard_fonts/LiberationSans-BoldItalic.ttf	a224075ac17495ad0a3af3bc0a419ac0704a8b3fd1095456201fb9b095fc281d	
AGGIUNTO	public/vendor/standard_fonts/LiberationSans-Italic.ttf	832b4406dbef23628800d3aaad21048534ac84d7e3ad955be83b8172ed8ef512	
AGGIUNTO	public/vendor/standard_fonts/LiberationSans-Regular.ttf	f8ace1f892b2bd9dc1792ba7f097fa7588f84fed48321480e04de5390828221f	
AGGIUNTO	public/vendor/worker.min.js	576b7df7e3393e137e51849357c9adb53fe7ac1bb69bfa06cf3d61520f182c6d	
AGGIUNTO	scripts/diagnose-real-first-page.mjs	9ab10296756db741e5b34fd0e8aab24861615ed2839f44395673792b7753869d	
AGGIUNTO	scripts/integration-check.html	a3b0a565a9274afc4a5b7d4793c57772508fcab36519b6cb0f09321d2cc646b9	
AGGIUNTO	scripts/integrationBrowserHarness.tsx	88968bfd50beaaec32de4be89ec59c1ab5055a00156479f73589c286b76cb5d5	
AGGIUNTO	scripts/prepare-documental-assets.mjs	e5dd3eabb5283f9ee0270e9f23da0005cdb814654dd89afa17cc7575d668271a	
AGGIUNTO	scripts/verify-compiler.mjs	1da6c23d8173abcdbf501552234b926dcbc7afaf46b57e5ffd0254a6c7281b2a	
AGGIUNTO	scripts/verify-integration-020.mjs	9854dfa01342178c7ad24a1543807d204bdc76cb737054fe601455c742d70807	
AGGIUNTO	scripts/verify-json-020.mjs	05d1fb420e6700aa762612d73b265dbe54e904d1038e9e449569372ebe73b741	
AGGIUNTO	scripts/verify-node-render.mjs	1e6484f11b3071e0291d41aad690e455e4dc7b601db17848127ac9b57d597d49	
AGGIUNTO	scripts/verify-persistence-compatibility.mjs	cecaf44f2f24fd1b95de4d69ef70d4fe7807147e88bd25e20e2d1ce57e17b43d	
AGGIUNTO	scripts/verify-raster-preservation.py	5f784503018b72cc0f238efcadfda3e60e1dc942cdbc1c3ef92cc6893d35a13b	
AGGIUNTO	scripts/verify-real-pdfs.mjs	bff1b5908d713b75ad5805130cc7fb3662efbc5449acfb9dcd06158615788549	
AGGIUNTO	src/core/documentPersistence.ts	8e8ada7bf90c619ea6b0c871b7b6a4d2d1fd4361f3fddb9fe4e6ea462bda58b4	
AGGIUNTO	src/core/documental/LICENSE	d07f85fc5b065f1f3357a4ea407640124e122245d8053b963cb44c49caf82572	
AGGIUNTO	src/core/documental/adapters/pei.ts	476e191dd70af0524ed7315d9f6f3f21650a4c58c310ea10a2e483f1ede5f917	
AGGIUNTO	src/core/documental/adapters/receipt.ts	b26c0f0ada7e17b8670663a54efdda662814d0c8a7e4c10c6b77ed1faae48e98	
AGGIUNTO	src/core/documental/bridge.ts	005998fabefcba328306df16eb9f30148572ecd96c50ff6def54801251d7636d	
AGGIUNTO	src/core/documental/detection.ts	c4cf6a14e8804ac96694a2042a2107501c4a2435227f46fddfca46c5ea1b6a47	
AGGIUNTO	src/core/documental/engine/fields.ts	831172b503fd7ca2a5f7b96e0c8a580e9e73bb71d93f3ebef69de59dcc61a47f	
AGGIUNTO	src/core/documental/engine/geometry.ts	80699c4ee1edd5d20fd38d1aef03ab92c43490f81eddfa5e475e465076bb4c43	
AGGIUNTO	src/core/documental/engine/index.ts	c1ec0939b6493c80e0b788e8ffdf99a1fd5a10e528349fd5d5ffb83957ab4f2e	
AGGIUNTO	src/core/documental/engine/load.ts	03c5220c0e9b421763710b3c4dd02ef39948613230b2cb12102123c47bafce22	
AGGIUNTO	src/core/documental/engine/ocr.ts	b9be9c15203fb66de7a2ed0e4ce4da4f6821683f28015ef59c575e9aa72b6a79	
AGGIUNTO	src/core/documental/engine/raster.ts	1587537a4f1bd482a688764a67846073891512f1c05be7195e2084b66462e8b3	
AGGIUNTO	src/core/documental/engine/rectify.ts	989dccfcf935c649d1bdfa21fd61c04bc45963f6823f396822b08219f095000d	
AGGIUNTO	src/core/documental/engine/regions.ts	875cdae8c7ad8acc233939a7261a5fcab80e3e5e952905a60c08e38d110875dc	
AGGIUNTO	src/core/documental/engine/types.ts	5d650b5f799315aa31a5ef5d48cf46d8fbe9abe4248f5cac3dde03b12e66c14e	
AGGIUNTO	src/core/documental/integration.test.ts	cced401b8d26405a5ae7e62df5072e180b89058df16d3e9cc651345f493d2cb5	
AGGIUNTO	src/core/documental/vite-env.d.ts	65996936fbb042915f7b74a200fcdde7e410f32a669b1ab9597cfaa4b0faddb5	
AGGIUNTO	src/tests/pdfPageFixture.ts	24ccd076a353bd082f7141d44819b790cbcefbd8db8d33f6484a65e4e6975662	
AGGIUNTO	test-output/integration-020/A1-canonical.pdf	04f7205dae97f3e39ab57a81d633cb607ab66a0c4be42bc9851c221ec8cb049a	
AGGIUNTO	test-output/integration-020/A1-comparison-page1.png	672e42ef1f93a2db1762255f95092262f0697bb27a678654191703211af688e4	
AGGIUNTO	test-output/integration-020/A1-comparison-page3.png	aaf244c5b896a19dfc616f9f1a1eb5adb50b4a5d52b3206a3f54adf52016bc28	
AGGIUNTO	test-output/integration-020/A1-export-page1.png	94f89343305f5f8476c50c12f6fdb9459ec77e14ad2ea8005e6d408892e804de	
AGGIUNTO	test-output/integration-020/A1-export-page3.png	5d69f34e1360dba95b0f018df0924ef3ba429b1aefe86a25e2ed4f2d4864122a	
AGGIUNTO	test-output/integration-020/A1-original-page1.png	f49a44d68313beda76e7c09b2846409b412fd24f5f5865888d3656afe7cdd172	
AGGIUNTO	test-output/integration-020/A1-original-page3.png	5f57482dac3911a7686a2961a36fa3a8e4cb8ff0f8bcdf750c70d4fcb4100aed	
AGGIUNTO	test-output/integration-020/A1-page1.png	c96f437a61ea10c58e17c9a460bac072a44db219d5600749f1d4f218966edbe1	
AGGIUNTO	test-output/integration-020/A1-page3.png	f31194b4a317510c00f2f07b1dd99c6f900d1c2dc71bcb449bcd331909147403	
AGGIUNTO	test-output/integration-020/Roma-canonical.pdf	bfa11c5671b8365967cda8b3efa5b2be335c96ddba0c88fe6629b3f327166d8e	
AGGIUNTO	test-output/integration-020/Roma-comparison-page1.png	11c577fa583bb01f9dcc4c632c05bd461bea141da35c4ad3bbdeaa9c2abdae4c	
AGGIUNTO	test-output/integration-020/Roma-comparison-page3.png	2f5eb937c80cf4313ce93bafaf191f47a586682e5f96f19e7c932320db6610da	
AGGIUNTO	test-output/integration-020/Roma-export-page1.png	75d9ce0fda3bae2edf3e5b72d92ae51aa60b69d7c5dd8f4f94e0bf4420a428cb	
AGGIUNTO	test-output/integration-020/Roma-export-page3.png	ffc64a70665f505a021839d9d57c7892c2571d8c98659b0ed355aa502800977b	
AGGIUNTO	test-output/integration-020/Roma-original-page1.png	4f847bd3d4041e72c71fa83d1e13132045522f8f49188bca6fedfc717ea64c97	
AGGIUNTO	test-output/integration-020/Roma-original-page3.png	1f9905349b601716c11f5e00110d70b174df6ba77382857bdd5448e13ab916c6	
AGGIUNTO	test-output/integration-020/Roma-page1.png	4e7e409e73bb6447bfd3b9174085030b73cf912d7ed9a159ab25420604d67359	
AGGIUNTO	test-output/integration-020/Roma-page3.png	a1328ad30cbc3960ea8365b32673fc3aead0455896cdeb463e2d3d24e4f79bc6	
AGGIUNTO	test-output/integration-020/browser-report.json	dcc960998ce2e280e8a7a1da0de9de5e2eda2288f785e5ef7d95269ab495032e	
AGGIUNTO	test-output/integration-020/compiler-dom-export.pdf	68080b76a41bac5128c603e413fbfe37cd1746b833c5d5f8255bd1d85f446d14	
AGGIUNTO	test-output/integration-020/compiler-dom-export.png	1520b6481af00cd05af48d8b3ba82dc9eb79ce2a40a25e1cd2745732081f31c3	
AGGIUNTO	test-output/integration-020/compiler-report.json	15e76ec223eeb5adb0e4698e3b9a0256972b2b76b76845a8556a0b22695f6802	
AGGIUNTO	test-output/integration-020/downloaded-a1.pdf	89c37c96af520d44a769b3d28a45bf719207d31a884cbd5ae5e32531a26e9c91	
AGGIUNTO	test-output/integration-020/field-edit.png	422618ceb6a5da2152aaac07aba20483b7317375c416d15d58f147f4380733af	
AGGIUNTO	test-output/integration-020/filled-page.pdf	fbb758abf13ce73b17a082db8b1aadca8d796b86163c2f17e7047d53e43735fa	
AGGIUNTO	test-output/integration-020/filled-page.png	db6a6c256f9dee2f41208268f1afd8830e34411af9c888f386b4a094b584a896	
AGGIUNTO	test-output/integration-020/independent-render-report.json	b997a55b2afdabfca029e5473eb71d79aaaae816113bfd926f9897fc29f5aa75	
AGGIUNTO	test-output/integration-020/json-verification.json	6780cfbb7b2ff4d7b31790ff28c93807b77d90c78d9d667274cc1cc4541084b6	
AGGIUNTO	test-output/integration-020/persistence-compatibility.json	510e54f3f4e90332d97f2aa8bc935c767435652b7fbd25b8453229578b886641	
AGGIUNTO	test-output/integration-020/real-pdf-report.json	edad99680370025e0fcbfe6c9b08c0bf60a8330df41242e694f3b1f943d30256	
MODIFICATO	GEMINI_IMPORT_INSTRUCTIONS.md	e91939e8be069e53a3506987d738d33142d116f3624d8ad7f27ac1f2ee9b0292	df2d5b91ea9732fd89a0796b494773fd26a95bc7528d6f754e5711691c0b8db7
MODIFICATO	README_FIRST.md	0c704ec0dea5e98a5a34ae7bad2a1b404bfe46cc775c8cbde920000bf9688175	5eb92295f8a289237f33951b2528e5b9f10d01a0d7f1d66ee0abf5f4db1e55ca
MODIFICATO	README_GEMINI.md	7ca22f3f39231ac4edcfb639a98a44e352d2e5c34002e76a16f43e9dd3b23fcc	a49f57b0d5127dcd1d9e3dc766cf487da246ce97e161dcc1bc77a5ba3ed331a1
MODIFICATO	package-lock.json	e6468511acfd4633b03886046d18b948140e2f4721a0d6eac1a16f362b219b4b	03f3e645d3716c323a7e35874acedb4ce81ba1126444f0d5ee6bd76f86a5187c
MODIFICATO	package.json	75ff60d3870030dd024bd43ea7c2122de52ec6ba0b1b9da5bdac052d30233a2b	044f7bad07df67881f6eab6a5019e1fc0cf354b34e70eb1d5736a2ae9e3772ba
MODIFICATO	public/downloads/PEI_Roma_Pagina_1_Prima_Dopo_Confronto.png	11c577fa583bb01f9dcc4c632c05bd461bea141da35c4ad3bbdeaa9c2abdae4c	bfcf603493b6b55455ca61b1ca68db934f66c9cb74c48f3d699dd43dc0a6a6f0
MODIFICATO	public/downloads/PEI_Roma_Pagina_3_Prima_Dopo_Confronto.png	2f5eb937c80cf4313ce93bafaf191f47a586682e5f96f19e7c932320db6610da	f92383ad071b1c138405127125957d87efc06f7275f11deda4cc11504239facc
MODIFICATO	src/App.tsx	1077eff07b21652aa98deafc1d4f6b866906a7c8a24c03fa0692d12f4ac2883a	c1c1e1a194dc1083945aa79b048c108d5e7d44da3cafb743d340834a18425290
MODIFICATO	src/components/calibration/TemplateCalibrationWorkspace.tsx	11c5cede17295ec49b189a78d6ccb80d163632d8ca8a1955c413a7b4744bb208	378846aeb1b710ce64625629c3a5e5ac559385228ba76345af04efaaa1354b04
MODIFICATO	src/components/document/DocumentSurface.tsx	03ff3b51ffbd806c5839749221f82bef7a547d37195f71ef5f0a96fb3c8af3f8	22fe827a1a96d13c146bafe9fccc2788d3d5b41d63fca6b624c9eb6e6c3cde84
MODIFICATO	src/components/document/FieldOverlay.tsx	d9c137d61190fa04e4eeea6517b2fd02de66d9756b28ba8b7d83beaaf36941ec	d3d1f58cf3cc29ac7191f307d6897df89fee6347eec75d579ef1c7177826651d
MODIFICATO	src/components/document/PageSurface.tsx	688c451ac0fb0c6d8e9c65e600b493e5e30e4f09dcaba0a4b4b2647688925e62	86394057b13b8f39d3e0faa8a299e9f43550963f49f7bf91df054c77279a5cb8
MODIFICATO	src/components/modals/AcquisitionModal.tsx	2a819111fadce777330ae66f42390632ecee95b3bf387552c811eee670162799	d0a72032e2bdc6aaa0f3d103a8c476275c293b34342d49ddb4e141dc98f162b4
MODIFICATO	src/components/screens/HomeScreen.tsx	0c6a711026d887c2afd2b26206a19806b2367cafcb74988944f83f9e72e6393b	e4c2772ef2518ad13a26e26bade08b80715fcb1d01ad37a01ea715e0e2fd0747
MODIFICATO	src/core/assistedFieldDetectionService.ts	4f234ddc083dc166090722fa22b07d23a1cc79e274dbde8837826d7385043dda	7d1da772432e486e62abb052adec8f0f80a4e345e62e721d068dfcbbb10960a2
MODIFICATO	src/core/documentAcquisitionService.ts	ab67d6e4ae0fe80dbdfc4dd07619a255d59cd71a5c35b1e72aa0505bca836411	5fdc5baf411b5106de76b583ab1d9b383c5026aa6917915daa1617a5b5120ac8
MODIFICATO	src/core/geometry/geometricRectificationEngine.ts	092ae01a254a24aea481f982e3cda7110f7110b5f69fd3e4e3bfb501f65605ff	9b0129c4a228e58de085cf458320950105b1eca0680a673aaa916d290fddd605
MODIFICATO	src/core/pdfIntakeService.ts	b667ef0cf480538d99d7727c91706a6e8e1057d1c0a63fb983503131a326689d	732506a87e74d7b2c168266f90e1c784be83881322335196429cc69d5ab8e44c
MODIFICATO	src/core/templateAcquisition.test.ts	87239d7b7aad824fa4c829740e2b84e244ee5908ba6d2514cb4bf457fd5913a3	81c470fa6614ad8869a38c3a68335df52a7aba13bd94f9d651d5d071904d14dd
MODIFICATO	src/core/templateAcquisitionService.ts	a75b457dd487f2991048724924afe71189f1ecc55b70c426be467a7bb37d7165	c5d84ac00dcb943338be8350bf65a57e37fdfde4a1e5e28207c98fe13ac01953
MODIFICATO	src/core/templateAcquisitionTypes.ts	c8a8c5ef1a22ca1641aec046eb4a214a443a9f0ecaa9c2ed7f7132267bcf6f5c	68d72582686d9f0a99e4e719916f36aca2be8dd96822e1d8705a166540b4d3fd
MODIFICATO	src/core/templateSchemaService.ts	f42fe5709d342964406c97c652a1505efde3f88f808a37031cb2b71b36bc91d2	c48da2c5ca146929c286f7dc40e54fd25f8ad75867570956917c9534224050dc
MODIFICATO	src/core/templateSchemaTypes.ts	b7b4f66f44adeadb986c48917d760327aad8064f3915ecf043d6b625e20f4ec2	ec537a215a6655e5e3fbfa753fed8f4e4f85c4d27bf9fa98100fd3f5012a33e0
MODIFICATO	src/core/templateSourceResolver.ts	f750a71ab6cfc223d86ccfde0d5e4a7504be7a057f6bfa70025c991f502aee51	80cc9bb46e895cd1b46f4a4000fc2526a682a92668d9512fbcdb3e44be013362
MODIFICATO	src/data/geometry/types.ts	45cb607c9ee227ed9d9ff36541629ad3facca901486d76648033c98c326952b9	79e5e0db7ce19f7d4a5b383e434ee2e1117b7f0627a18f66fef8569b2fd41c1e
MODIFICATO	src/tests/acquisitionModalFlow.test.ts	127d24815db940372a20e3ab705e5e4c26c7f080c65576d52a0f03a87f6543f7	c8bbe7edb3bf9fa935219bc0f5948a325ca3b4b372d39b6b7bf8ce4799576dd0
MODIFICATO	src/tests/assistedFieldDetectionR08.test.ts	90e28672c9290c60a28d42197a5e1d2549c01ca9195b62b38d939895b5cc27e8	1bf2e1e7161f4d7766206bbb0fdc316f7eed74393769aedc28250e5203cb4e98
MODIFICATO	src/tests/assistedOcrCoordinateScale.test.ts	e2039d31aa9d264599886a183c73a34507d9128ff36afc39711c2b8dc546c916	379cdab857b12e1647d8d80dce8b395b9f6ccbe0d2a429cd5182c726649906fb
MODIFICATO	src/tests/cteFix02cDiagnostics.test.ts	9909a586b574114c47bfbf1413cc1a275d4cf9b9a954b6e4e7698094028fb20c	e7aa8988ad3186f63f07e7a93903e3709d25fda71c5e6fa301352becfa5a41d3
MODIFICATO	src/tests/cteFix02dRasterPipeline.test.ts	1194cb1c76c229dcefff07edb247c6a5d861bd7dc5f9dd6bd0e157abe6c76a13	6e44142a7194acd729b65ebf783035fba5059cd17f70bc94f3c825082fc1b4db
MODIFICATO	src/tests/cteFix02eFieldDiscrimination.test.ts	d5e0462bf5bae1bf10d41fa51c72831165b23e1a1d581618169a9d86ba6cd0eb	d3d68dfd312f4da42974c0ec29ec4327f968d8673dcda04081e69a0c2fcb26fa
MODIFICATO	src/tests/cteFix02fCellEditability.test.ts	339d8e3c591f8b2d028f7cf0280bea3a2355c528dc2c12e53e074048343142e2	c012935407a18eb6565fb87188395588b16348bb8a7fdd5e8b464d9297c7b2e8
MODIFICATO	src/tests/cteFix02xPhase4RuntimeTrace.test.ts	e94678b2f54ab4320645cd09bb19c5fbf89fb70a93b573986e32245cfd34a772	eab76da266aeb307ce86f40b23d2af62b547d6aa6cdc765c147526f89a58b8df
MODIFICATO	src/tests/cteFix02yPhase4CandidateRecovery.test.ts	78811b742799e2236075e6fd6217d766b3437f0f3b5e32aa32e0a4d58f523df6	0f62e8dac1f8846f6e06e551963ebd852ab612d1edcc6884a4de4427520208e7
MODIFICATO	src/tests/cteFix02zStateConvergence.test.ts	84130981cf55d3eaebe96e18b13a265891d9ddfbf8f51379fe1ea45ee9c0daec	3a7726f61d359fad3dff7cdb6af9051c7f8da0aa12aaf60a86085859b7ec4800
MODIFICATO	src/tests/cteFix03cRuntimePathVerification.test.ts	b8e12c7ff826b189a97be96fbc6df5584002a2214e63449b95099131be80bdf6	6e86a80885de614ccf5ad86ece878f6950057415b327ca7686d5204d81120c6a
MODIFICATO	src/tests/cteFix03dWireUpVerification.test.ts	f35d957519f3d9b0452ce94d846b52198478d89fb3784becde904ec5559b9c8a	a2ee7aa2ec65ae29c0c0a3a6ec2ef82c02bc52e6b560a61a5b757ea5c5b65257
MODIFICATO	src/tests/cteFix03gRealA1Verification.test.ts	e25ca8dbc8c86d19219b0657ea0bc968cbb08a711d88a721d02797cd56593d29	4a79cafed06b9a6dedc13c72e3d66492e9dcf1702db7caf95da747bb5913faa5
MODIFICATO	src/tests/deskewExecutionAndResidualVerification.test.ts	4f8a69c4a9fb4c90004ef6fae843c56a0b31f19cd13a346aba8052d849454616	edebb068b58328363427b4256b2b10af1138a7d00a424f7ec1d59dbaac5c89d8
MODIFICATO	src/tests/documentAcquisition.test.ts	6e2f010c0f48454e73351a98e73a2b031a3b9c9ee23baf0fd13b9202712c23a2	c7b19d57e19d2d99d4f888bccdf7f47d34cc92790a04f8973ad6c7d2db0a1c43
MODIFICATO	src/tests/opencvGeometricRectification.test.ts	4dc78dbbe6602477960707eef19636cfcb883f8b55f2c08904ade6dca925682e	2043142cc92434875aa28112fd1bd2b4c22af86961674eec2af5b7297fd7ecfb
MODIFICATO	src/tests/peiOcrCteAdapter.test.ts	19445a81eb1d6e871a729350494cdbdd1deea173774a8493aba8d2f52350a298	2cd90335ad6a1c2b732343c9c8213a826d9196446f718978a8c1ca78385e7941
MODIFICATO	src/tests/rigorousRectificationVerification.test.ts	c13d681fb7a2ec445d707901389017f1ce4e20b39994d7e6a95013091f9e1c76	78aab52de52b42b79586fbf7bcb1402879a831e231421b0c907aacbcfcd750b9
MODIFICATO	src/tests/templateIntegrityAndBinaryPairing.test.ts	0c5716507811dd02a23c3c70eb29bb38bbf70c088616e696e524c0495f15bc79	a06513d0da10c3ca85a5772d1589b8bba832a19a7061bc3f4fba904129073130
MODIFICATO	src/types/documentAcquisitionTypes.ts	11e94f0628e42dd44624e0693bdb11fb3b97ced2dda1bf9fd0d291c99ac33c30	5d668d7a5869fdcc6db595325a86618b14a3a918608923e0d75892a9a194eac1
MODIFICATO	src/types/pei.ts	fae5d1652d5a23665acc44f8108dab82e066eb7ab77b655010814090734aa906	d4d6336cfa8bb77b2847eebcddb6d4a21ed274d9303498e2109f8fadb79b5fd4
MODIFICATO	vite.config.ts	695c05d15c543bd3bb0152180451684e7104c67ff51bd252a30bccfedbdd41a5	4570dde362213fd6c042c54bb17cc93f561bdfe1e1d8bc096cccce87c970d2f2
MODIFICATO	vitest.setup.ts	dca3ff64f0508387a8ee052bf27ae818a4336963ce829d63e6efe63378f59aad	c6ffa67ec64302d7b07425682584a5756d78d965e73c4b62ff13cb6a91ccfac5
ELIMINATO	public/downloads/PEI_Comune_Roma_Rettificato_A4.pdf		7990bb4554f79c01197dfa580c08c7a67fe76261f02f1ab23892a9bd32c03ff9
